{
    "-1": {
        "precision": 0.9805825242718447,
        "recall": 0.9782082324455206,
        "f1-score": 0.9793939393939394,
        "support": 413.0
    },
    "0": {
        "precision": 0.7375,
        "recall": 0.8428571428571429,
        "f1-score": 0.7866666666666666,
        "support": 70.0
    },
    "1": {
        "precision": 0.9339622641509434,
        "recall": 0.8608695652173913,
        "f1-score": 0.8959276018099548,
        "support": 115.0
    },
    "accuracy": 0.939799331103679,
    "macro avg": {
        "precision": 0.8840149294742626,
        "recall": 0.8939783135066849,
        "f1-score": 0.8873294026235202,
        "support": 598.0
    },
    "weighted avg": {
        "precision": 0.9431626135478768,
        "recall": 0.939799331103679,
        "f1-score": 0.9407826719807834,
        "support": 598.0
    },
    "cv_f1_macro_mean": 0.8620756183818093,
    "cv_f1_macro_std": 0.022025189126120812
}