{
    "-1": {
        "precision": 0.9854721549636803,
        "recall": 0.9854721549636803,
        "f1-score": 0.9854721549636803,
        "support": 413.0
    },
    "0": {
        "precision": 0.7435897435897436,
        "recall": 0.8285714285714286,
        "f1-score": 0.7837837837837838,
        "support": 70.0
    },
    "1": {
        "precision": 0.9252336448598131,
        "recall": 0.8608695652173913,
        "f1-score": 0.8918918918918919,
        "support": 115.0
    },
    "accuracy": 0.9431438127090301,
    "macro avg": {
        "precision": 0.8847651811377456,
        "recall": 0.8916377162508334,
        "f1-score": 0.8870492768797854,
        "support": 598.0
    },
    "weighted avg": {
        "precision": 0.9455738314551179,
        "recall": 0.9431438127090301,
        "f1-score": 0.9438669438669438,
        "support": 598.0
    }
}